screenshot,operator,task_title,work_packet,session_identifier,captured_at_with_timezone,related_pr_or_commit,notes
recording-20260926-162621/fulcrumforce_ldr_f9-handoff-limitations_00m30s-redacted.png,LDR (user-supplied recording; no account identity verification),Pasted text #1 - 277 lines; Repair 4A-fix visible,BOB-F9,UNKNOWN,UNKNOWN; video offset 30s,df31ea6 (F9 contextual association; not visible commit execution),"F9 before candidate, shell limitation, Object.hasOwn and no acceptance claim"
recording-20260926-162621/fulcrumforce_ldr_hcb01-context_01m10s-redacted.png,LDR (user-supplied recording; no account identity verification),Pasted text #1 - 277 lines; Repair 4A-fix visible,CTR-HC-B01,UNKNOWN,UNKNOWN; video offset 70s,UNKNOWN,Compacted historical HC-B01 context; not original authorization
recording-20260926-162621/fulcrumforce_ldr_hcb01-build-return_01m40s-redacted.png,LDR (user-supplied recording; no account identity verification),Pasted text #1 - 277 lines; Repair 4A-fix visible,CTR-HC-B01,UNKNOWN,UNKNOWN; video offset 100s,UNKNOWN,HC-B01 READY FOR VALIDATION and shell failure disclosure
recording-20260926-162621/fulcrumforce_ldr_hcb01-repair-packaging_02m40s-redacted.png,LDR (user-supplied recording; no account identity verification),Pasted text #1 - 277 lines; Repair 4A-fix visible,CTR-HC-B01,UNKNOWN,UNKNOWN; video offset 160s,UNKNOWN,"Earlier SC017 repair packaging, distinct from F9"
recording-20260926-162621/fulcrumforce_ldr_hcb01-not-run_03m00s-redacted.png,LDR (user-supplied recording; no account identity verification),Pasted text #1 - 277 lines; Repair 4A-fix visible,CTR-HC-B01,UNKNOWN,UNKNOWN; video offset 180s,UNKNOWN,Earlier repair counts and explicit BLOCKED execution
recording-20260926-162621/fulcrumforce_ldr_f9-finding-review_03m07s-redacted.png,LDR (user-supplied recording; no account identity verification),Pasted text #1 - 277 lines; Repair 4A-fix visible,BOB-F9,UNKNOWN,UNKNOWN; video offset 187s,df31ea6 (F9 contextual association; not visible commit execution),"Collapsed user input, Bob reads finding and identifies inherited-property defect"
recording-20260926-162621/fulcrumforce_ldr_f9-applied-diff_03m10s-redacted.png,LDR (user-supplied recording; no account identity verification),Pasted text #1 - 277 lines; Repair 4A-fix visible,BOB-F9,UNKNOWN,UNKNOWN; video offset 190s,df31ea6 (F9 contextual association; not visible commit execution),Applied diff tool entry for src/hc-validate.ts and reasoning; tool details collapsed
recording-20260926-162621/fulcrumforce_ldr_f9-frozen-oracle_03m20s-redacted.png,LDR (user-supplied recording; no account identity verification),Pasted text #1 - 277 lines; Repair 4A-fix visible,BOB-F9,UNKNOWN,UNKNOWN; video offset 200s,df31ea6 (F9 contextual association; not visible commit execution),Bob states independent challenge hashes and scope; not a live hash command
recording-20260926-162621/fulcrumforce_ldr_f9-handoff-written_03m25s-redacted.png,LDR (user-supplied recording; no account identity verification),Pasted text #1 - 277 lines; Repair 4A-fix visible,BOB-F9,UNKNOWN,UNKNOWN; video offset 205s,df31ea6 (F9 contextual association; not visible commit execution),Write-file tool entry and BOB-F9 READY FOR VALIDATION identity
recording-20260926-162621/fulcrumforce_ldr_f9-code-before-after_03m27s-redacted.png,LDR (user-supplied recording; no account identity verification),Pasted text #1 - 277 lines; Repair 4A-fix visible,BOB-F9,UNKNOWN,UNKNOWN; video offset 207s,df31ea6 (F9 contextual association; not visible commit execution),Visible Object.hasOwn before/after snippet and unchanged challenge statement
recording-20260926-162621/fulcrumforce_ldr_f9-not-run_03m32s-redacted.png,LDR (user-supplied recording; no account identity verification),Pasted text #1 - 277 lines; Repair 4A-fix visible,BOB-F9,UNKNOWN,UNKNOWN; video offset 212s,df31ea6 (F9 contextual association; not visible commit execution),Explicit NOT_RUN ENOENT and required Codex commands; predictions are not results
recording-20260926-162621/fulcrumforce_ldr_f9-before-identity_03m35s-redacted.png,LDR (user-supplied recording; no account identity verification),Pasted text #1 - 277 lines; Repair 4A-fix visible,BOB-F9,UNKNOWN,UNKNOWN; video offset 215s,df31ea6 (F9 contextual association; not visible commit execution),"Frozen hashes, before record/build identity, predicted after result"
recording-20260926-162853/fulcrumforce_ldr_summary-repair-tasks_00s-redacted.png,LDR (user-supplied recording),Pasted text #1 - 277 lines,CTR-HC-B01 / BOB-F9,dd43fc08c8d7acda9ae99dec335124bd,UNKNOWN; video offset 0s,df31ea6 (contextual association),Expanded task summary;38.14 Bobcoins shown; UI checklist is not execution proof
recording-20260926-162853/fulcrumforce_ldr_summary-build-tasks_05s-redacted.png,LDR (user-supplied recording),Pasted text #1 - 277 lines,CTR-HC-B01 / BOB-F9,dd43fc08c8d7acda9ae99dec335124bd,UNKNOWN; video offset 5s,df31ea6 (contextual association),Expanded task summary;38.14 Bobcoins shown; UI checklist is not execution proof
recording-20260926-162853/fulcrumforce_ldr_summary-f9-handoff_15s-redacted.png,LDR (user-supplied recording),Pasted text #1 - 277 lines,CTR-HC-B01 / BOB-F9,dd43fc08c8d7acda9ae99dec335124bd,UNKNOWN; video offset 15s,df31ea6 (contextual association),Expanded task summary;38.14 Bobcoins shown; UI checklist is not execution proof
recording-20260926-165911/fulcrumforce_ldr_packet-scope_00m00s-redacted.png,LDR (user-supplied recording; account not independently verified),Pasted text #1 - 277 lines,CTR-HC-B01,dd43fc08c8d7acda9ae99dec335124bd,UNKNOWN; video offset 0s,UNKNOWN,packet-scope; retrospective history; not execution or acceptance proof
recording-20260926-165911/fulcrumforce_ldr_shell-failure_02m00s-redacted.png,LDR (user-supplied recording; account not independently verified),Pasted text #1 - 277 lines,CTR-HC-B01,dd43fc08c8d7acda9ae99dec335124bd,UNKNOWN; video offset 120s,UNKNOWN,shell-failure; retrospective history; not execution or acceptance proof
recording-20260926-165911/fulcrumforce_ldr_test-evidence-limitation_05m00s-redacted.png,LDR (user-supplied recording; account not independently verified),Pasted text #1 - 277 lines,CTR-HC-B01,dd43fc08c8d7acda9ae99dec335124bd,UNKNOWN; video offset 300s,UNKNOWN,test-evidence-limitation; retrospective history; not execution or acceptance proof
recording-20260926-165911/fulcrumforce_ldr_retrospective-preflight-disclosure_05m20s-redacted.png,LDR (user-supplied recording; account not independently verified),Pasted text #1 - 277 lines,CTR-HC-B01,dd43fc08c8d7acda9ae99dec335124bd,UNKNOWN; video offset 320s,UNKNOWN,retrospective-preflight-disclosure; retrospective history; not execution or acceptance proof
recording-20260926-165911/fulcrumforce_ldr_acceptance-boundary-and-repair-entry_05m40s-redacted.png,LDR (user-supplied recording; account not independently verified),Pasted text #1 - 277 lines,CTR-HC-B01,dd43fc08c8d7acda9ae99dec335124bd,UNKNOWN; video offset 340s,UNKNOWN,acceptance-boundary-and-repair-entry; retrospective history; not execution or acceptance proof
recording-20260926-165911/fulcrumforce_ldr_repair-tests-added_06m20s-redacted.png,LDR (user-supplied recording; account not independently verified),Pasted text #1 - 277 lines,CTR-HC-B01,dd43fc08c8d7acda9ae99dec335124bd,UNKNOWN; video offset 380s,UNKNOWN,repair-tests-added; retrospective history; not execution or acceptance proof
